paralelo,paralelo,cluster,paralelo,paralelo,reduce,cluster,información,reduce,paralelo,información,reduce,map,reduce,hadoop,paralelo,reduce,información,cluster,map,nodo,información,hadoop,información,nodo,cluster,map,nodo,cluster,cluster,nodo,hadoop,paralelo,map,paralelo,hadoop,información,hadoop,map,reduce,nodo,paralelo,cluster,cluster,información,hadoop,hadoop,paralelo,paralelo,hadoop,hadoop,información,hadoop,hadoop,hadoop,hadoop,reduce,información,nodo,paralelo,hadoop,reduce,paralelo,paralelo,paralelo,cluster,cluster,map
hadoop,reduce
nodo,paralelo,paralelo,cluster,nodo,información,reduce,hadoop,reduce,hadoop,información,map,paralelo,nodo,paralelo,nodo,nodo,cluster,paralelo,paralelo,paralelo,cluster,map,map,nodo,map,cluster,nodo,reduce,cluster,reduce,hadoop,cluster,cluster,nodo,reduce,nodo,nodo,hadoop,map,cluster,map,reduce,map,paralelo,cluster,hadoop,paralelo,reduce,map,map,paralelo,cluster,map,map,paralelo,reduce,información
información,reduce,nodo,reduce,map,reduce,cluster,cluster,reduce,hadoop,paralelo,map,cluster,información,hadoop,reduce,reduce,información,hadoop,map,map,reduce,map,hadoop,información,información,map,cluster,paralelo,cluster,información,reduce,información,paralelo,nodo,cluster,nodo,cluster,reduce,información,reduce,map,paralelo,nodo,nodo,reduce,nodo,nodo,cluster,nodo,información,nodo,cluster,nodo,map,reduce,paralelo,información,reduce,información
información,reduce,reduce,cluster,cluster,hadoop,cluster,cluster,map,map,map,cluster,información,información,cluster,nodo,nodo,reduce,reduce,paralelo,reduce,reduce,hadoop,reduce,cluster,nodo,cluster,reduce,información,map,paralelo,reduce,map,paralelo,información,cluster,reduce,cluster,reduce,información,nodo,paralelo,reduce,cluster,cluster,información,información,información
información,información,nodo,cluster,reduce,hadoop,map,cluster,reduce,información,hadoop,paralelo,map,cluster,hadoop,hadoop,nodo,reduce,paralelo,paralelo,map,map,cluster,información,cluster,cluster,nodo,reduce,información,cluster,reduce,paralelo,cluster,paralelo,información,cluster
reduce,información,nodo,hadoop,información,información,cluster,map,paralelo,hadoop,paralelo,paralelo,información,cluster,cluster,información,paralelo,información,cluster,map,nodo,reduce,paralelo,hadoop,hadoop,paralelo,paralelo,paralelo,reduce,nodo,map,map,hadoop,reduce,paralelo,reduce,reduce,reduce,map,cluster,cluster,cluster,paralelo,paralelo,reduce,paralelo,reduce,información,cluster,hadoop,paralelo,información,cluster,hadoop,hadoop
hadoop,información,hadoop,paralelo,información,hadoop,hadoop,map,paralelo,información,nodo,map,paralelo,cluster,nodo,información,reduce,información,nodo,cluster,nodo,map,reduce,map,hadoop,información,map,nodo,nodo,nodo,cluster,cluster,cluster,cluster,paralelo,información,nodo,map,reduce,reduce,hadoop,nodo
paralelo,reduce,cluster,nodo,nodo,cluster,nodo,hadoop,nodo,nodo,paralelo,paralelo,información,reduce,paralelo,reduce,cluster,reduce,hadoop,reduce,información,map,nodo,hadoop,información,reduce,hadoop,map,map,reduce,información,reduce,hadoop,información,información,reduce,hadoop,nodo,información,map,paralelo,paralelo,nodo,hadoop,paralelo,hadoop,hadoop,paralelo,nodo,información,reduce,hadoop,hadoop,map,nodo,hadoop,hadoop,reduce,map,nodo,nodo,cluster,información,información,cluster,nodo,hadoop,información,cluster,información
reduce,nodo,reduce,nodo,paralelo,map,cluster,map,reduce,map,reduce,hadoop,nodo,reduce,map,paralelo,hadoop,paralelo,información,map,hadoop,nodo,reduce,map,paralelo,información,map,hadoop,hadoop,map,información,paralelo,cluster,cluster,información,map,reduce,información,reduce,reduce,paralelo,hadoop,nodo,reduce,cluster,nodo,información,información,nodo,cluster,paralelo,reduce,paralelo,reduce,map,hadoop,cluster,hadoop,paralelo,hadoop,reduce,reduce,hadoop,paralelo,map,reduce,reduce,paralelo,map,map,map,paralelo,cluster,map,cluster,nodo,hadoop,hadoop,cluster,reduce,cluster,nodo,reduce,hadoop,cluster,hadoop,información,información,reduce,hadoop,map,información
nodo,nodo,información,map,reduce,map,reduce,cluster,map,información,información,nodo,cluster,hadoop,reduce,paralelo,reduce,cluster,map,paralelo,cluster,paralelo,información,nodo,cluster,reduce,reduce,reduce,reduce,paralelo,reduce,hadoop,nodo,información,hadoop,map,nodo,hadoop,información,hadoop,nodo,reduce,hadoop,reduce,map,cluster,map,cluster,paralelo,paralelo,cluster,paralelo,hadoop,nodo,cluster,hadoop,reduce,información,hadoop,nodo,información,reduce,información,información,nodo,información,cluster,reduce,información,map,información,map,paralelo,cluster,paralelo,información,información,reduce,cluster,paralelo
hadoop,map,reduce,reduce,paralelo,paralelo,información,información,nodo,hadoop,paralelo,map,hadoop,nodo,hadoop,hadoop,nodo,nodo,cluster,map,reduce,información,información,reduce,información,cluster,información,nodo,cluster,hadoop,cluster,información,map,hadoop,reduce,nodo,map,map,nodo,reduce,información,información,map,información,nodo,map,cluster,map,información,información,información,reduce,cluster,paralelo,reduce,cluster,map,map,paralelo
cluster,hadoop,map,paralelo,nodo,hadoop,reduce,hadoop,nodo,nodo,hadoop,nodo,map,reduce,nodo,hadoop,paralelo,nodo,nodo,nodo,paralelo,hadoop,nodo,reduce,información,paralelo,paralelo,hadoop,cluster,reduce,reduce,nodo,hadoop,reduce,hadoop,información,nodo,paralelo,nodo,información,map,hadoop,cluster,cluster,reduce,reduce,paralelo,hadoop,paralelo,hadoop,map,información,map,cluster,hadoop,nodo,reduce,map,nodo,cluster,información
hadoop,nodo,map,hadoop,cluster,nodo,paralelo,paralelo,paralelo,paralelo,nodo,cluster,cluster,nodo,map,map,reduce,paralelo,reduce,paralelo,map,cluster,paralelo,información,map,cluster,nodo,reduce,paralelo,nodo,reduce,nodo,nodo,reduce
hadoop,map,reduce,información,nodo,nodo,cluster,reduce,hadoop,paralelo,información,reduce,cluster,hadoop,hadoop,map,reduce,paralelo,cluster,hadoop,reduce
map,paralelo,hadoop,cluster,nodo,hadoop,map,map,cluster,hadoop,paralelo,hadoop,información,información,map,hadoop,hadoop,map,información,reduce,map,nodo,nodo,información,hadoop,información,map,map,cluster,map,hadoop,cluster,información,paralelo,paralelo,reduce,hadoop,reduce,map,nodo,cluster
nodo,información,paralelo,información,hadoop,cluster,cluster,map,cluster,hadoop,nodo,hadoop,cluster,reduce,paralelo,paralelo,reduce,cluster,hadoop,paralelo,hadoop,información,hadoop,cluster,map,información,map,map,cluster,map,hadoop,información,nodo,paralelo,cluster,cluster,paralelo,nodo,paralelo,hadoop,hadoop,hadoop,paralelo,paralelo,map,reduce,reduce,map,reduce,información
información,cluster
nodo,información,información,reduce,hadoop,hadoop,reduce,map,map,paralelo,paralelo,cluster,reduce,información,map,nodo,información
reduce,nodo,cluster,cluster,hadoop,nodo,map,cluster,paralelo
nodo,paralelo,hadoop,cluster,paralelo,cluster,map,reduce,información,reduce,reduce,nodo,paralelo,información,map,paralelo,paralelo,cluster,hadoop,cluster,nodo,paralelo,nodo,paralelo,cluster,reduce,cluster,nodo,cluster,reduce,map,hadoop,paralelo,cluster,información,nodo,nodo,hadoop,información,cluster,hadoop,cluster,hadoop,reduce,nodo,paralelo,hadoop,nodo,nodo,nodo,reduce,map,reduce,nodo,cluster,nodo,nodo,cluster,hadoop,hadoop,map,hadoop,reduce,hadoop,nodo,reduce,reduce,nodo,map,paralelo,paralelo,map,información,información,reduce
map,reduce,información,nodo,map,paralelo,paralelo,map,reduce,paralelo,información,cluster,nodo,información,cluster,información,cluster,hadoop,cluster,cluster,reduce,paralelo,paralelo,información,hadoop,cluster,reduce,reduce,paralelo,reduce,reduce,cluster,map,nodo,map,map,reduce,cluster,cluster,información,hadoop,nodo,cluster,map,cluster,hadoop,nodo,cluster,paralelo,nodo,nodo,cluster,hadoop,paralelo,nodo,información,map,nodo,paralelo,información,map,cluster,nodo,map,información,map,reduce,paralelo,paralelo,nodo,información,cluster,información,nodo,reduce,map,reduce,hadoop,hadoop,información,map,paralelo,nodo,reduce,nodo,hadoop,nodo,paralelo,reduce,nodo,cluster,cluster,map,paralelo,paralelo,reduce,map,reduce,reduce
nodo,nodo,paralelo,paralelo,nodo,nodo,hadoop,nodo,paralelo,nodo,información,nodo,nodo,reduce,cluster,paralelo,hadoop,paralelo,nodo,información,hadoop,cluster,hadoop,hadoop,map,map,reduce,map,nodo,nodo,reduce,nodo,paralelo,nodo,cluster,información,cluster,reduce,cluster,cluster,información,información,map,nodo,paralelo,hadoop,map,información,paralelo,hadoop,paralelo,nodo,nodo,map,nodo,reduce,hadoop,map,información,map,información,paralelo,información,información,cluster,reduce,paralelo,map,paralelo,map,hadoop,nodo,hadoop,nodo,map,hadoop
hadoop,cluster,nodo,nodo,map,paralelo,hadoop,información,map,cluster,map,nodo,información,nodo,nodo,cluster,hadoop,reduce,map,nodo,información,paralelo,hadoop,hadoop,cluster,hadoop,reduce,hadoop,información,hadoop,nodo,paralelo,nodo,información,nodo,cluster,reduce,información,información,nodo,paralelo,nodo,información,información,información,paralelo,hadoop,nodo,reduce,nodo,paralelo,hadoop,hadoop,paralelo,paralelo,map,hadoop,hadoop,paralelo,información,hadoop,cluster,map,paralelo,información,reduce,información,nodo,paralelo,hadoop,cluster,hadoop,información,hadoop,nodo,hadoop,paralelo,información
paralelo,reduce,paralelo,hadoop,cluster,nodo,información,cluster,información,cluster,reduce,map,map,nodo,nodo,información,cluster,paralelo,cluster,hadoop,información
hadoop,cluster,cluster,map,map,paralelo,paralelo,nodo,hadoop,nodo,paralelo,reduce,map,hadoop,nodo,map,paralelo,paralelo,información,paralelo,hadoop,cluster,hadoop,paralelo,map,map,map,hadoop,cluster,información,paralelo,map,cluster,reduce,hadoop,información,cluster,map,reduce,map,nodo,nodo,hadoop,información,reduce,map,paralelo,información,paralelo,cluster,nodo,nodo,nodo,map,cluster,hadoop,reduce,nodo,reduce,reduce,paralelo,información
hadoop,reduce,cluster,información,hadoop,nodo,hadoop,cluster
reduce,paralelo,hadoop,map,paralelo,paralelo,cluster,cluster,map,map,reduce,map,nodo,información,paralelo,map,información,cluster,hadoop,hadoop,paralelo,información,nodo,cluster,paralelo,map,cluster,paralelo,reduce,map,map,hadoop,información,información,hadoop,cluster,hadoop,información,nodo,paralelo,hadoop,hadoop,información,map
información,nodo,paralelo,hadoop,map,cluster,información,map
hadoop,reduce,paralelo,map
paralelo,paralelo,nodo,cluster,información,reduce,reduce,map,reduce,cluster,cluster,paralelo,reduce,cluster,map,map,información,paralelo,paralelo,paralelo,reduce,información,nodo,información,reduce,paralelo,cluster,paralelo
información,nodo,hadoop,reduce,paralelo,información,reduce,información,cluster,paralelo,información,cluster,hadoop,paralelo,información,nodo,paralelo,cluster,paralelo,nodo,cluster,reduce,información,reduce,paralelo,cluster,nodo,nodo,cluster,hadoop,paralelo,cluster,map,información,map
cluster,nodo,nodo,cluster,reduce,hadoop,map,información,nodo,cluster,hadoop,cluster,paralelo,información,cluster,hadoop,nodo,reduce,nodo,nodo,paralelo,cluster,map,información,paralelo,nodo,reduce,paralelo,cluster,paralelo,cluster,nodo,map,map,paralelo,reduce,reduce,nodo,nodo,información,reduce,información,paralelo,map,información,información,cluster,paralelo,reduce,cluster,nodo,paralelo,paralelo,hadoop,map,información,cluster,nodo,map,map,reduce,información,nodo,cluster,reduce,hadoop,cluster,cluster,hadoop,información,información,nodo,map,reduce,map,reduce,hadoop,cluster,nodo,nodo,nodo
paralelo,cluster,nodo,cluster,información
reduce,cluster,cluster,hadoop,nodo,reduce,información,información,nodo,información,información,paralelo,hadoop,paralelo,hadoop,nodo,map,cluster,nodo,paralelo,información,map,reduce,reduce,reduce,reduce,nodo,map,hadoop,nodo,información,información,cluster,hadoop,nodo,hadoop,información,nodo,reduce,paralelo,información,hadoop,nodo,información,cluster,hadoop,nodo,información,reduce,cluster,nodo,hadoop,cluster,reduce,reduce,paralelo,nodo,información,cluster,map,paralelo,map,cluster,hadoop
paralelo,información,nodo,reduce,map,nodo,información,información,cluster,nodo,hadoop,nodo,hadoop,nodo,map,reduce,paralelo,paralelo,hadoop,hadoop,nodo,reduce,hadoop,paralelo,hadoop,map,reduce,paralelo,paralelo,información,cluster,nodo,nodo,reduce,paralelo,información,hadoop,map,información,reduce,información,cluster,paralelo,hadoop,paralelo,hadoop,información,map,nodo,paralelo,información
nodo,map,map,información,map,nodo,cluster,map,map,hadoop,cluster,paralelo,nodo,hadoop,hadoop,cluster,hadoop,nodo,información,reduce,reduce,nodo,paralelo,hadoop,map,cluster,nodo,reduce,hadoop,map,paralelo,map,información,hadoop,información,información,paralelo,nodo,nodo,reduce,nodo,cluster,nodo,cluster,reduce,reduce,cluster,reduce,paralelo,nodo,nodo,paralelo,reduce,reduce,nodo,cluster,nodo,nodo,paralelo,cluster,nodo,información,nodo,cluster,información,map,hadoop,cluster,reduce,nodo,información,reduce,información,reduce,cluster,nodo,nodo,cluster,map,hadoop,nodo,reduce,reduce,nodo,paralelo,map,nodo
cluster
hadoop,hadoop,map
cluster,información,reduce,nodo,reduce,información,hadoop,reduce,nodo,paralelo,nodo,reduce,map,nodo,map,hadoop,hadoop,map,cluster,cluster,cluster,hadoop,paralelo,cluster,nodo,hadoop,nodo,cluster,map,map,información,cluster,información,map,hadoop,paralelo,reduce,hadoop,reduce,nodo,map,paralelo,nodo,map,map,reduce,cluster,reduce,hadoop,nodo,información,map,paralelo,hadoop,paralelo,información,hadoop,nodo,cluster,nodo,reduce,cluster,cluster,reduce,hadoop
paralelo,hadoop,paralelo,paralelo,reduce,reduce,cluster,nodo,cluster,reduce,nodo,paralelo,cluster,información,paralelo,reduce,nodo,paralelo,nodo,map,información,reduce,hadoop,nodo,reduce,paralelo,reduce,información,información,paralelo,hadoop,paralelo,paralelo,map,reduce,información,reduce,nodo,paralelo,map,hadoop,cluster,map,reduce,map,reduce,hadoop,nodo,hadoop,reduce,cluster,información,cluster,map,nodo,información,nodo,paralelo,hadoop,nodo,hadoop,hadoop,hadoop,hadoop,nodo,map,cluster,paralelo
cluster,cluster,reduce,map,cluster,reduce,reduce,nodo,map,nodo,reduce,paralelo,cluster,hadoop,información,información,cluster,cluster,hadoop,nodo,paralelo,cluster,paralelo,hadoop,nodo,nodo,hadoop,paralelo,cluster,información,reduce,paralelo,cluster,paralelo,cluster,cluster,información,reduce,paralelo,información,map,reduce,información,reduce,nodo,información,hadoop,map,información,hadoop,paralelo,map,nodo,información,paralelo,reduce,nodo,cluster,hadoop
paralelo,cluster,paralelo,hadoop,cluster,paralelo,paralelo,paralelo,hadoop,map,cluster,hadoop,nodo,información,cluster,nodo,información,cluster,nodo,reduce,cluster,información,hadoop,cluster,nodo,hadoop,paralelo,paralelo,map,nodo,paralelo,paralelo,paralelo,paralelo,reduce,cluster,reduce,map,información,paralelo,paralelo,cluster,map,cluster,información,hadoop,paralelo,paralelo,información,nodo,nodo,nodo,información,nodo,cluster,map
paralelo,reduce,hadoop,map,información,cluster,cluster,map,paralelo,reduce,map,nodo,cluster,hadoop,nodo,información,información,hadoop,map,map,nodo,reduce,cluster,información,cluster,reduce,información,map,hadoop,map,reduce,map,cluster,hadoop,map,nodo,reduce,hadoop,cluster,nodo,nodo,map,cluster,paralelo,información,hadoop
map,hadoop,cluster,información,paralelo,nodo,información,nodo,información,nodo,paralelo,paralelo,reduce,información,hadoop,map,hadoop,hadoop,reduce,hadoop,cluster,reduce,hadoop,información,hadoop,información,paralelo,cluster,map,map,nodo,map,cluster,nodo,reduce,reduce,información,map,hadoop,hadoop,paralelo,nodo,cluster,información,paralelo,hadoop,nodo,cluster,información,hadoop,nodo,map,nodo,map,hadoop,paralelo,paralelo,reduce,map,hadoop,cluster,nodo,hadoop,map,reduce,hadoop,información,hadoop,información,hadoop,paralelo,map,información,paralelo,información,cluster,hadoop,hadoop,nodo,reduce,cluster,reduce,map,cluster,nodo,nodo,reduce,información,cluster,nodo,cluster,reduce,cluster
información,nodo,paralelo,map,reduce,reduce,nodo,paralelo,map,reduce,cluster,paralelo,información,información,hadoop,paralelo,información,información,hadoop,reduce,map,información
map,hadoop,información,nodo,map,información,map,hadoop,información,reduce,hadoop,map,map,nodo,map,paralelo,reduce,hadoop,hadoop,cluster,reduce,map,map,map,paralelo,map,reduce,hadoop,cluster,paralelo,map,nodo,cluster,cluster,hadoop,información,hadoop,nodo,map,paralelo,map,paralelo,cluster,hadoop,paralelo,paralelo,cluster,cluster,hadoop,map,cluster,cluster,reduce,hadoop,nodo,paralelo,hadoop,cluster,reduce,información,cluster,paralelo,map,hadoop,hadoop,hadoop,hadoop,map,información,información,hadoop,paralelo,reduce,hadoop,información,nodo,cluster,hadoop,paralelo,paralelo,map,reduce,información,nodo,paralelo,paralelo
información,map,información
map,información,reduce,información,información,cluster,cluster,map,cluster,reduce,cluster,map,nodo,hadoop,paralelo,hadoop,nodo,hadoop,nodo,paralelo,hadoop,hadoop,cluster,paralelo,cluster,nodo,cluster,cluster,map,hadoop,reduce
paralelo,información,información,map,paralelo,nodo,información,map,nodo,hadoop,map,hadoop,paralelo,información,hadoop,nodo,map,cluster,nodo,nodo,nodo,nodo,nodo,paralelo,map,cluster,map,hadoop,hadoop,hadoop,paralelo,nodo,paralelo,paralelo,cluster,cluster,nodo,nodo,información,información,nodo,cluster,hadoop,map,reduce,reduce,reduce,cluster,hadoop,paralelo,información
map,reduce,cluster,paralelo,cluster,map,hadoop,map,información,información,información,hadoop,paralelo,nodo,cluster,nodo,map,hadoop,cluster,map,nodo,información,información,reduce,información,map,información,información,hadoop,hadoop,cluster,información,hadoop,cluster,reduce,map,map,información,reduce,reduce,información,paralelo,reduce,paralelo,map,cluster,información,paralelo,map,map,información,map,map,map
hadoop,cluster,reduce,paralelo,nodo,cluster,paralelo,paralelo,reduce,información,map,nodo,información,reduce,map,map
información,reduce,información,reduce,reduce,nodo,paralelo,paralelo,nodo,información,cluster,hadoop,map,map,map,paralelo,hadoop,nodo,información,hadoop,información,map,nodo,información,map,información,hadoop,paralelo,hadoop,paralelo,map,hadoop,nodo,nodo,cluster,información,paralelo,hadoop,hadoop,nodo,paralelo,nodo,nodo,paralelo,información,reduce,cluster,reduce,reduce,nodo,nodo,hadoop,hadoop,map
hadoop,reduce,cluster,información,reduce,cluster,cluster,nodo,paralelo,información,nodo,reduce,información,paralelo,reduce,nodo,map,reduce,hadoop,nodo,reduce,reduce,información,hadoop,map,cluster,paralelo,reduce,map,paralelo,nodo,paralelo,nodo,reduce,reduce,cluster,hadoop,paralelo,hadoop,información,reduce,reduce,información,información,paralelo,cluster,hadoop,información,reduce,paralelo,map,información,nodo,paralelo,reduce,paralelo,información,hadoop,paralelo,reduce,paralelo,información,hadoop,cluster,hadoop,hadoop,nodo,reduce,map,nodo,cluster,map,hadoop,paralelo,cluster,map,map,map,map
información,paralelo,reduce,nodo,hadoop,paralelo,paralelo,paralelo,cluster,paralelo,map,nodo,map,reduce,paralelo,hadoop,map,información,map,información,paralelo,map,cluster,hadoop,map,paralelo,hadoop,cluster,información,paralelo,hadoop,cluster,hadoop,nodo,información,hadoop,paralelo,información,map,información,hadoop,cluster,map,paralelo,cluster,paralelo,cluster,reduce,nodo,paralelo,reduce,nodo,paralelo,hadoop,map,paralelo,reduce,reduce,reduce,paralelo,map,información,nodo,reduce,map,cluster,reduce,map,paralelo,nodo,map,map,nodo,información,nodo,paralelo,reduce,información,map,cluster,nodo,información,map,nodo,paralelo,información,nodo,paralelo,paralelo,reduce,paralelo,información,cluster,map
hadoop,cluster,hadoop,hadoop,hadoop,reduce,map,nodo,hadoop,cluster,reduce,paralelo,nodo,map,hadoop,hadoop,map,paralelo,nodo,map,cluster,hadoop,hadoop,hadoop,cluster,nodo,nodo,nodo,hadoop,hadoop,información,nodo,reduce,información,cluster,nodo,información,reduce,map,hadoop,map,hadoop,cluster,nodo,hadoop,nodo,reduce,map,información,nodo,reduce,hadoop,nodo,cluster,hadoop,map,paralelo,paralelo,paralelo,hadoop,paralelo,nodo,reduce,cluster,cluster,paralelo,hadoop,cluster,nodo,información,paralelo,reduce,cluster,paralelo,cluster,hadoop,hadoop,map,nodo,paralelo,información,hadoop,nodo,hadoop,cluster,paralelo
paralelo,hadoop,nodo,cluster,paralelo,map,paralelo,hadoop,hadoop,información,nodo,reduce,hadoop,paralelo,hadoop,nodo,reduce,map,cluster,hadoop,hadoop,map,map,nodo,reduce,información,hadoop,información,map,map,hadoop,cluster,hadoop,hadoop,hadoop,reduce,paralelo,hadoop,map,reduce,reduce,hadoop,nodo,reduce,map,nodo,hadoop,nodo,cluster,nodo,hadoop,hadoop,map,cluster,reduce,map,nodo,map,map,hadoop,información,paralelo,map,cluster,nodo,paralelo,hadoop,reduce,reduce,hadoop,nodo,reduce,reduce,cluster,reduce,paralelo,map,nodo,paralelo,información,hadoop,cluster,hadoop,paralelo,información,nodo
nodo,información,nodo,map,map,información,hadoop,paralelo,map,hadoop,paralelo,paralelo,información,hadoop,reduce,map,map,hadoop,nodo,información,hadoop,cluster,nodo,cluster,nodo,map,nodo
hadoop,cluster,map,información,nodo,map,nodo,hadoop,reduce,map,información,reduce,cluster,cluster,cluster,hadoop,map,paralelo
reduce,reduce,cluster,hadoop,paralelo,reduce,map,nodo
paralelo,paralelo,reduce,hadoop,paralelo,información,reduce,nodo,cluster,hadoop,reduce,nodo,nodo,paralelo,cluster,map,paralelo,paralelo,map,nodo,paralelo,map,reduce,nodo,información,hadoop,reduce,map,reduce,paralelo,cluster,información,nodo
información,cluster,información,nodo,paralelo,map,información,map,map,paralelo,nodo,map,map,map,información,map,reduce,map,map,paralelo,reduce,reduce,paralelo,map,cluster,información,paralelo
cluster,paralelo,cluster,reduce,nodo,map,información,cluster,paralelo,nodo,hadoop,hadoop,hadoop,cluster,reduce,cluster,hadoop,reduce,información,reduce,map,map,nodo,información,información,paralelo,hadoop,map,map,hadoop,nodo,hadoop,reduce,paralelo,paralelo,información,información,cluster,cluster,hadoop,cluster,paralelo,nodo,map,reduce,map,map,información,información,información,reduce,hadoop,hadoop,cluster,paralelo,cluster,hadoop,paralelo,información,hadoop,map,paralelo,nodo,información,información,hadoop,map,paralelo
nodo,paralelo,reduce,map,paralelo,map,información,cluster,hadoop,hadoop,información,nodo,información,hadoop,nodo,información,map,información,paralelo,información,cluster,cluster,nodo,reduce,cluster,paralelo,nodo,hadoop,paralelo,nodo,reduce,map,nodo,hadoop,nodo,paralelo,nodo,map,cluster,cluster,reduce,nodo,cluster,nodo,reduce,nodo,información,información,map,paralelo,información,nodo,paralelo,reduce,nodo,nodo,map,paralelo,información,nodo,cluster,map,información,información,reduce,map,nodo,paralelo,map,cluster,nodo,paralelo,cluster,hadoop,hadoop,hadoop,map,nodo
nodo,paralelo,nodo,información,map,reduce,paralelo,map,cluster,nodo,información,información,cluster,cluster,map,información,map,hadoop,cluster,reduce,hadoop,nodo,paralelo,cluster,map,paralelo,map,información,reduce,paralelo
información,hadoop,cluster,cluster,información,paralelo,nodo,reduce,reduce,nodo,map,información,paralelo,información,nodo,nodo,hadoop,paralelo,información,nodo,cluster,información,información,información,map,cluster,información,map,cluster,hadoop,información
paralelo,nodo,hadoop,reduce,hadoop,map,cluster,información,paralelo,información,información,hadoop,información,información,nodo,hadoop,paralelo,información,hadoop,map,hadoop,nodo,cluster,hadoop,map,nodo,información,cluster,map,reduce,nodo,paralelo,map,reduce,map,paralelo,nodo,información,nodo,map,map,hadoop
cluster,reduce,nodo,paralelo,información,cluster,paralelo,reduce,map,cluster,reduce,nodo,nodo,cluster,nodo,reduce,reduce,paralelo,cluster,paralelo,nodo,map,información,paralelo,nodo,información,paralelo,map,paralelo,cluster,reduce,map,reduce,paralelo,reduce,map,nodo,cluster,reduce,nodo,paralelo,map,información,información,hadoop,hadoop,información,información,cluster,información,hadoop,nodo,hadoop,información,map
información,reduce,información,información,información,reduce,información,información,reduce,cluster,map,cluster,nodo,información,reduce,paralelo,paralelo,cluster,cluster,reduce,información,cluster,map,nodo,map,hadoop,información,reduce,cluster,cluster,map,hadoop,nodo,reduce,hadoop,hadoop,hadoop,reduce,cluster,nodo,hadoop,hadoop,hadoop,paralelo,información,nodo,map,cluster,cluster,reduce,paralelo,reduce,nodo,nodo,paralelo,reduce,map,reduce,reduce,cluster,información,información,reduce,reduce,map,cluster
hadoop,nodo,hadoop,hadoop,cluster,hadoop,cluster
nodo,cluster
reduce,map,nodo,reduce,hadoop,paralelo,nodo,hadoop,información,reduce,información,nodo,cluster,map,reduce,map,nodo,reduce,hadoop,map,información,cluster,map,información,hadoop,paralelo,paralelo,cluster,reduce,paralelo,nodo,paralelo,map,paralelo
cluster,nodo,hadoop,nodo,cluster,hadoop,nodo,reduce,paralelo,paralelo,hadoop,cluster,paralelo,paralelo,reduce,cluster,map,cluster,hadoop,map,paralelo,hadoop,paralelo,reduce,hadoop,paralelo,cluster,reduce,paralelo,cluster,nodo,reduce,hadoop,reduce,paralelo,nodo,hadoop,información,información,map,map,cluster,hadoop,paralelo,hadoop,información,reduce,hadoop,paralelo,información,hadoop,hadoop,cluster,reduce,map,nodo,paralelo,paralelo,información,hadoop,cluster,información,reduce,paralelo,cluster,información,map,hadoop,paralelo,reduce,hadoop,map,paralelo,nodo,hadoop
hadoop,map,map,map,map,información,nodo,nodo,paralelo,nodo,hadoop,cluster,map,map,reduce,reduce,reduce,hadoop,map,cluster,reduce,reduce,reduce,paralelo,hadoop,paralelo,información,nodo,cluster,map,paralelo,reduce,hadoop,hadoop,map,información,información,reduce,nodo,nodo,nodo,reduce,información,hadoop,hadoop,paralelo,cluster,reduce,map,paralelo,paralelo,paralelo,reduce,map,map,paralelo,información,map,nodo,cluster,map,hadoop,paralelo,información,cluster,paralelo,cluster,map,cluster,paralelo,información,paralelo,información,reduce,map,información,hadoop,paralelo,reduce
map,nodo,nodo,hadoop,nodo,información,información,map,cluster,hadoop,reduce,reduce,información,nodo,hadoop,nodo,información,reduce,cluster,hadoop,map,cluster,nodo,nodo,reduce,reduce,hadoop,cluster,paralelo,información,cluster,información,información,map,hadoop,información,reduce,map,información,cluster,paralelo,cluster,hadoop,nodo,map,información,map,hadoop,cluster,paralelo,paralelo,cluster,cluster,map,nodo,paralelo,hadoop,cluster,reduce,paralelo,reduce,reduce,reduce,paralelo,reduce,información,información,cluster,cluster,nodo,map,map,cluster,hadoop,información
map,cluster,reduce,cluster,nodo,información,hadoop,información,paralelo,información,información,paralelo,información,hadoop,hadoop,hadoop,información,hadoop,cluster,map,nodo,reduce,map,map,cluster,cluster,paralelo,reduce,hadoop,cluster,reduce
hadoop,hadoop,nodo,nodo,información,nodo,información,reduce,nodo,cluster,hadoop,paralelo,hadoop,cluster,nodo,cluster,reduce,nodo,hadoop,reduce,nodo,información,reduce,nodo,cluster,información,reduce,cluster,hadoop,hadoop,hadoop,reduce,paralelo,hadoop,map,paralelo,hadoop,nodo,reduce,paralelo,hadoop,información,hadoop,hadoop,hadoop,paralelo,reduce,cluster,paralelo,nodo,paralelo,información,nodo,paralelo,reduce,map,reduce,paralelo,información,información,paralelo,hadoop,cluster,nodo,cluster,cluster,información,nodo,cluster,reduce,información,nodo,cluster,paralelo,map,hadoop
información,nodo,cluster,map,información,hadoop,hadoop,cluster,hadoop,reduce,cluster,cluster,información,información,map,información,reduce,paralelo,nodo,reduce,cluster,nodo,hadoop,cluster,hadoop,map,nodo,paralelo,reduce,map,reduce,información,paralelo,hadoop,información,información,hadoop,cluster,información,nodo,paralelo,información,cluster
map,hadoop,cluster,nodo,paralelo,cluster,paralelo,paralelo,cluster,paralelo,map,reduce,información,información,map,reduce,hadoop,map,reduce,información,nodo,paralelo,información,nodo,hadoop,información,reduce,cluster,información,información,reduce,reduce,map,información,nodo,reduce,nodo,reduce,nodo,información,información,paralelo,cluster,map,cluster,hadoop,nodo,map,reduce,reduce,nodo,nodo,nodo,paralelo,map,información,nodo,hadoop,cluster,paralelo,reduce,map,map,información,map,map,hadoop,reduce,información,cluster,nodo,paralelo,paralelo,cluster,nodo,cluster,hadoop,map,cluster,paralelo,paralelo
información,reduce,información,paralelo,nodo,map,map,map,map,paralelo,cluster,reduce,hadoop,reduce,map,información,hadoop,nodo,reduce,map,paralelo,información,reduce,map,cluster,map,reduce,cluster,paralelo,cluster,hadoop,cluster,map,hadoop,cluster,cluster,reduce,nodo,cluster,paralelo,map,reduce,map
nodo,map,paralelo,reduce,map,información,map,paralelo,paralelo,hadoop,paralelo,reduce,hadoop,cluster,cluster,map,hadoop,reduce,reduce,hadoop,map,reduce,map,paralelo,hadoop,cluster,información,map,hadoop,hadoop,reduce,map,cluster,hadoop,cluster,paralelo,cluster,nodo
hadoop,paralelo,nodo,reduce,cluster,cluster,hadoop,paralelo,hadoop,hadoop,reduce,paralelo,nodo,hadoop,map,reduce,hadoop,map,paralelo,información,nodo,información,hadoop,información,map,información,hadoop,nodo,cluster,reduce,map,información,reduce,cluster,información,map,información,información,cluster,hadoop,hadoop,paralelo,paralelo,map,cluster,map,paralelo,hadoop,map,map,información,paralelo,reduce,cluster,reduce,paralelo,cluster,cluster,cluster,hadoop,cluster,hadoop,map,map,cluster,hadoop,nodo,paralelo,map,map,cluster,cluster,map,información,hadoop,nodo,cluster,reduce,paralelo,paralelo,información,map,nodo,nodo,hadoop,hadoop,map,cluster,nodo,reduce,nodo
map,nodo,reduce,map,nodo,hadoop,map,cluster,reduce,reduce,información,nodo,paralelo,paralelo,reduce,map,hadoop,nodo,información,reduce,cluster,reduce,hadoop,nodo
paralelo,paralelo,información,nodo,map
hadoop,reduce,map,paralelo,reduce,información,hadoop,cluster,nodo,hadoop,información,paralelo,información,hadoop,paralelo,hadoop,nodo,nodo,información,información,hadoop,hadoop,nodo,map,nodo,cluster,cluster,información,cluster,map,cluster,información,hadoop,reduce,nodo,información,reduce,hadoop,cluster,nodo,nodo,paralelo,reduce,nodo,cluster,paralelo,nodo,map,map,map,paralelo,nodo,reduce,paralelo,información,información
paralelo,información,información,información,reduce,hadoop,reduce,nodo,map,paralelo,nodo,reduce,reduce,reduce,map,hadoop,información,información,paralelo,reduce,paralelo,nodo,hadoop,información
cluster,nodo,map,información,cluster,paralelo,map,cluster,hadoop,map,paralelo,paralelo,cluster,información,map,map,paralelo,paralelo,cluster,nodo,cluster,nodo,reduce,map,nodo,reduce,map,map,hadoop,paralelo,paralelo,cluster,map,map,map,hadoop,map,información,map,información,información,reduce,map,paralelo,hadoop,map,hadoop,nodo,paralelo,información,paralelo,map,map,cluster,paralelo,hadoop,reduce
información,paralelo,hadoop,nodo,información,paralelo,cluster,hadoop,nodo,cluster,paralelo,map,información,reduce,paralelo,hadoop,hadoop,nodo,map,nodo,cluster,reduce,información,hadoop,paralelo,reduce,nodo,map,hadoop,información,map,información,nodo,map,map,información,información,cluster,cluster,nodo,hadoop,hadoop,nodo,paralelo,información,map,información,reduce,información,cluster,nodo,cluster,paralelo,hadoop,map,nodo,hadoop,hadoop,nodo,hadoop,map,paralelo,map,reduce,map,nodo,map,hadoop,reduce,nodo,paralelo,hadoop,hadoop,cluster,map,paralelo,información,información,cluster,hadoop,información,paralelo,reduce,reduce,información,cluster,nodo,cluster
información,cluster,map,map,reduce,nodo,cluster,paralelo,hadoop,paralelo,paralelo,reduce,paralelo,cluster,información,reduce,paralelo,información,reduce,hadoop,hadoop,map,hadoop,map,paralelo,cluster,nodo,map,map,reduce,reduce,cluster,hadoop,map,reduce,información,hadoop,nodo,reduce,nodo,información,paralelo,hadoop,hadoop,paralelo,nodo,hadoop,nodo,reduce,hadoop,reduce,información,paralelo,hadoop,paralelo,cluster,información
reduce,paralelo,hadoop,hadoop,map,paralelo,información,paralelo,reduce,hadoop,hadoop,reduce,map,paralelo,hadoop,hadoop,cluster,map,hadoop,información,hadoop,map,paralelo,cluster,información,información,map,reduce,map,reduce,reduce,hadoop,nodo,nodo,información,hadoop,hadoop,map,nodo,nodo,información,hadoop,nodo,map,hadoop,reduce,cluster,reduce,map,paralelo,reduce,reduce,cluster,cluster,paralelo,hadoop,información,reduce,información,información,cluster,hadoop,cluster,reduce,información,reduce,map,información,cluster,nodo,hadoop,map,información,información,hadoop,información,reduce,hadoop,hadoop,paralelo,map,reduce,cluster,reduce,cluster,cluster,hadoop
hadoop,reduce,hadoop,información,nodo,hadoop,nodo,hadoop,reduce,información,reduce,paralelo,hadoop,paralelo,map,map,cluster,reduce,información,cluster,información,nodo,map,cluster,map,reduce,paralelo,reduce,cluster,map,map,paralelo,información,reduce,reduce,nodo,paralelo,hadoop,hadoop,información,nodo,cluster,reduce,reduce,información,map,reduce,paralelo,cluster,nodo,información,reduce,nodo,reduce,hadoop
paralelo,cluster,información,paralelo,información,información,nodo,map,cluster,map,nodo,reduce,información,reduce,nodo,map,map,reduce,map,cluster,información,paralelo,cluster,hadoop,cluster,paralelo,hadoop,reduce,información,reduce,cluster,paralelo,paralelo,map,información,hadoop,información,paralelo,información,nodo,hadoop,hadoop,hadoop,paralelo,map,información,información,cluster,información,hadoop,información,nodo,reduce,nodo,reduce,paralelo,hadoop,información,reduce,cluster,cluster,paralelo,información,paralelo,información,paralelo,cluster,map,map,cluster,map,paralelo,hadoop,información,nodo
reduce,hadoop,nodo,reduce,map,nodo,paralelo,paralelo,paralelo,nodo,reduce,paralelo,hadoop,hadoop,paralelo,cluster,hadoop,nodo,información,map,reduce,información,hadoop
información,reduce,reduce,información,paralelo
paralelo,información,reduce,nodo,paralelo,nodo,reduce,información,reduce,map,map,reduce,map,reduce,cluster,información,cluster,hadoop,map,hadoop,cluster,nodo,reduce,información,cluster,nodo,map,hadoop,cluster,map,información,map,información,hadoop,map,paralelo,información,hadoop,paralelo,información,nodo,map
cluster,nodo,cluster,paralelo,nodo,map,reduce,información,map,map,información,paralelo,información,información,nodo,nodo,paralelo,map,cluster,cluster,reduce,cluster,cluster,nodo,cluster,map,información,paralelo,información,cluster,información,nodo,map,información,paralelo,cluster,hadoop,reduce,información,paralelo,map,nodo,cluster,cluster,cluster,paralelo,reduce,cluster,hadoop,nodo,nodo,hadoop,información,paralelo,paralelo,nodo,reduce,hadoop,cluster,paralelo,cluster,nodo,reduce,map
map,reduce,map,hadoop,reduce,hadoop,hadoop,reduce,map,información,cluster,reduce,map,nodo,reduce,reduce,información,información,cluster,nodo,información,nodo,información,reduce,nodo,información,map,nodo,cluster,nodo,información,información,cluster,reduce,reduce,hadoop,nodo,reduce,map,reduce,nodo,paralelo,cluster,nodo,hadoop,map,información,reduce,reduce,información,nodo,hadoop,hadoop,paralelo,map,nodo,cluster,nodo,map,cluster,información,hadoop,hadoop,cluster,reduce,reduce,cluster,información,map,map,información,cluster,hadoop,hadoop,hadoop,hadoop,reduce,reduce,paralelo,hadoop,nodo,paralelo,información,cluster,reduce,reduce,cluster,información,nodo,map,map,cluster,map
hadoop,cluster,nodo,hadoop,cluster,información,hadoop,map,map,map,paralelo,paralelo,paralelo,hadoop,reduce,reduce,map,map,cluster,paralelo,nodo,hadoop,map,paralelo,hadoop,map,paralelo,reduce,información,hadoop,map,reduce,información,nodo,map,información,paralelo,información,paralelo,información,hadoop,paralelo,cluster,reduce,paralelo,información,cluster,reduce,hadoop,cluster,reduce,cluster,map,cluster,información,reduce,reduce,hadoop,información,hadoop,cluster,información,hadoop,paralelo,paralelo,hadoop,nodo,información,información,hadoop,información,cluster,nodo,hadoop,cluster,paralelo,hadoop,paralelo,reduce,información,map,cluster,nodo,paralelo,cluster,nodo,información
map,map,paralelo,map,nodo,cluster,información,nodo,reduce,nodo,cluster,map,reduce,map,información,información,cluster,cluster,información,información,hadoop,map,paralelo,nodo,reduce,cluster,información,reduce,map
nodo,información,reduce,información,cluster,map,nodo,map,cluster,cluster,nodo,reduce,cluster,reduce,reduce,cluster,hadoop,cluster,cluster,paralelo,map,información,información,información,reduce,cluster,cluster,cluster,nodo,nodo,cluster,paralelo,hadoop,hadoop,reduce,map,cluster,hadoop,cluster,información,nodo,cluster,hadoop,cluster,map,hadoop,hadoop,paralelo,map,hadoop,paralelo,cluster,hadoop,reduce,reduce,hadoop,hadoop,map,paralelo,hadoop,nodo,nodo,hadoop,cluster,map,map,reduce
